Vial,Date,coral.id,Timepoint,Sample.Type,Treatment,Sample.Size,Chamber#,Sample#
500,20180702,P-3-A,DOR,Zoox + Protein,N/A,20,N/A,1
501,20180702,P-3-A,DOR,DNA,N/A,20,N/A,2
502,20180702,P-3-A,DOR,DNA,N/A,20,N/A,3
503,20180702,R-11-A,DOR,Zoox + Protein,N/A,20,N/A,1
504,20180702,R-11-A,DOR,DNA,N/A,20,N/A,2
505,20180702,R-11-A,DOR,DNA,N/A,20,N/A,3
506,20180702,R-11-A,DOR,EXTRA,N/A,20,N/A,4
507,20180702,R-11-A,DOR,EXTRA,N/A,20,N/A,5
508,20180702,R-15-A,DOR,Zoox + Protein,N/A,20,N/A,1
509,20180702,R-15-A,DOR,DNA,N/A,20,N/A,2
510,20180702,R-15-A,DOR,DNA,N/A,20,N/A,3
511,20180703,R-15-A,DOR,Zoox + Protein,N/A,20,N/A,1
512,20180703,R-15-A,DOR,DNA,N/A,20,N/A,2
513,20180703,R-15-A,DOR,DNA,N/A,16,N/A,3
514,20180703,R-11-A,DOR,Zoox + Protein,N/A,20,N/A,1
515,20180703,R-11-A,DOR,DNA,N/A,20,N/A,2
516,20180703,R-11-A,DOR,DNA,N/A,20,N/A,3
517,20180703,R-11-A,DOR,EXTRA,N/A,20,N/A,4
518,20180703,R-11-A,DOR,EXTRA,N/A,20,N/A,5
519,20180703,P-12-A,DOR,Zoox + Protein,N/A,20,N/A,1
520,20180703,P-12-A,DOR,DNA,N/A,20,N/A,2
521,20180703,P-12-A,DOR,DNA,N/A,20,N/A,3
522,20180703,P-12-A,DOR,EXTRA,N/A,20,N/A,4
523,20180703,P-3-A,DOR,Zoox + Protein,N/A,20,N/A,1
524,20180703,P-3-A,DOR,DNA,N/A,20,N/A,2
525,20180703,P-3-A,DOR,DNA,N/A,20,N/A,3
526,20180703,P-15-A,DOR,Zoox + Protein,N/A,20,N/A,1
527,-,,,,,,,
528,-,,,,,,,
529,-,,,,,,,
530,-,,,,,,,
531,-,,,,,,,
532,20180704,R-11-A,DOR,Zoox + Protein,N/A,20,N/A,1
533,20180704,R-11-A,DOR,DNA,N/A,20,N/A,2
534,20180704,R-11-A,DOR,DNA,N/A,20,N/A,3
535,20180705,R-11-A,DOR,Zoox + Protein,N/A,20,N/A,1
536,20180705,R-11-A,DOR,DNA,N/A,20,N/A,2
537,20180705,R-11-A,DOR,DNA,N/A,20,N/A,3
538,20180706,P-15-A,DOR,Zoox + Protein,N/A,20,N/A,1
539,20180706,P-15-A,DOR,DNA,N/A,20,N/A,2
540,20180706,P-15-A,DOR,DNA,N/A,9,N/A,3
541,20180706,R-7-A,DOR,Zoox + Protein,N/A,20,N/A,1
542,20180706,R-7-A,DOR,DNA,N/A,20,N/A,2
543,20180706,R-7-A,DOR,DNA,N/A,20,N/A,3
544,20180706,P-12-A,DOR,Zoox + Protein,N/A,20,N/A,1
545,20180706,P-12-A,DOR,DNA,N/A,20,N/A,2
546,20180706,P-12-A,DOR,DNA,N/A,20,N/A,3
547,20180706,P-12-A,DOR,Zoox + Protein,N/A,20,N/A,1
548,20180706,R-11-A,DOR,Zoox + Protein,N/A,20,N/A,1
549,20180706,R-11-A,DOR,DNA,N/A,20,N/A,2
550,20180706,R-11-A,DOR,DNA,N/A,20,N/A,3
551,20180706,P-14-A,DOR,Zoox + Protein,N/A,20,N/A,1
552,20180706,P-14-A,DOR,DNA,N/A,20,N/A,2
553,20180706,P-14-A,DOR,DNA,N/A,20,N/A,3
554,20180706,P-6-A,DOR,Zoox + Protein,N/A,20,N/A,1
555,20180706,P-6-A,DOR,DNA,N/A,20,N/A,2
556,20180706,P-6-A,DOR,DNA,N/A,20,N/A,3
557,20180707,P-4-A,DOR,Zoox + Protein,N/A,20,N/A,1
558,20180707,P-4-A,DOR,DNA,N/A,20,N/A,2
559,20180707,P-4-A,DOR,DNA,N/A,20,N/A,3
560,20180707,R-5-A,DOR,Zoox + Protein,N/A,20,N/A,1
561,20180707,R-5-A,DOR,DNA,N/A,20,N/A,2
562,20180707,R-5-A,DOR,DNA,N/A,20,N/A,3
563,20180707,P-15-A,DOR,Zoox + Protein,N/A,20,N/A,1
564,20180707,P-15-A,DOR,DNA,N/A,20,N/A,2
565,20180707,P-15-A,DOR,DNA,N/A,20,N/A,3
566,20180707,P-6-A,DOR,Zoox + Protein,N/A,20,N/A,1
567,20180707,P-6-A,DOR,DNA,N/A,20,N/A,2
568,20180707,P-6-A,DOR,DNA,N/A,20,N/A,3
569,20180707,R-11-A,DOR,Zoox + Protein,N/A,20,N/A,1
570,20180707,R-11-A,DOR,DNA,N/A,20,N/A,2
571,20180707,R-11-A,DOR,DNA,N/A,20,N/A,3
572,20180707,P-12-A,DOR,Zoox + Protein,N/A,20,N/A,1
573,20180707,P-12-A,DOR,DNA,N/A,20,N/A,2
574,20180707,P-12-A,DOR,DNA,N/A,20,N/A,3
575,20180707,P-14-A,DOR,Zoox + Protein,N/A,20,N/A,1
576,20180707,P-14-A,DOR,DNA,N/A,20,N/A,2
577,20180707,P-14-A,DOR,DNA,N/A,20,N/A,3
578,20180708,P-15-A,PE,Zoox + Protein,HOT,10,1,1
579,20180708,P-15-A,PE,Zoox + Protein,HOT,10,1,2
580,20180708,P-15-A,PE,Zoox + Protein,HOT,10,1,3
581,20180708,P-15-A,PE,DNA,HOT,5,1,1
582,20180708,P-15-A,PE,DNA,HOT,5,1,2
583,20180708,P-15-A,PE,DNA,HOT,5,1,3
584,20180708,P-15-A,PE,Zoox + Protein,HOT,10,2,1
585,20180708,P-15-A,PE,Zoox + Protein,HOT,10,2,2
586,20180708,P-15-A,PE,Zoox + Protein,HOT,10,2,3
587,20180708,P-15-A,PE,DNA,HOT,5,2,1
588,20180708,P-15-A,PE,DNA,HOT,5,2,2
589,20180708,P-15-A,PE,DNA,HOT,5,2,3
590,20180708,P-15-A,PE,Zoox + Protein,HOT,10,3,1
591,20180708,P-15-A,PE,Zoox + Protein,HOT,10,3,2
592,20180708,P-15-A,PE,Zoox + Protein,HOT,10,3,3
593,20180708,P-15-A,PE,DNA,HOT,5,3,1
594,20180708,P-15-A,PE,DNA,HOT,5,3,2
595,20180708,P-15-A,PE,DNA,HOT,5,3,3
596,20180708,P-15-A,PE,Zoox + Protein,HOT,10,4,1
597,20180708,P-15-A,PE,Zoox + Protein,HOT,10,4,2
598,20180708,P-15-A,PE,Zoox + Protein,HOT,10,4,3
599,20180708,P-15-A,PE,DNA,HOT,5,4,1
600,20180708,P-15-A,PE,DNA,HOT,5,4,2
601,20180708,P-15-A,PE,DNA,HOT,5,4,3
602,20180708,P-15-A,PE,Zoox + Protein,HOT,10,5,1
603,20180708,P-15-A,PE,Zoox + Protein,HOT,10,5,2
604,20180708,P-15-A,PE,Zoox + Protein,HOT,10,5,3
605,20180708,P-15-A,PE,DNA,HOT,5,5,1
606,20180708,P-15-A,PE,DNA,HOT,5,5,2
607,20180708,P-15-A,PE,DNA,HOT,5,5,3
608,20180708,P-15-A,PE,Zoox + Protein,HOT,10,6,1
609,20180708,P-15-A,PE,Zoox + Protein,HOT,10,6,2
610,20180708,P-15-A,PE,Zoox + Protein,HOT,10,6,3
611,20180708,P-15-A,PE,DNA,HOT,5,6,1
612,20180708,P-15-A,PE,DNA,HOT,5,6,2
613,20180708,P-15-A,PE,DNA,HOT,5,6,3
614,20180708,P-15-A,PE,Zoox + Protein,AMBIENT,10,7,1
615,20180708,P-15-A,PE,Zoox + Protein,AMBIENT,10,7,2
616,20180708,P-15-A,PE,Zoox + Protein,AMBIENT,10,7,3
617,20180708,P-15-A,PE,DNA,AMBIENT,5,7,1
618,20180708,P-15-A,PE,DNA,AMBIENT,5,7,2
619,20180708,P-15-A,PE,DNA,AMBIENT,5,7,3
620,20180708,P-15-A,PE,Zoox + Protein,AMBIENT,10,8,1
621,20180708,P-15-A,PE,Zoox + Protein,AMBIENT,10,8,2
622,20180708,P-15-A,PE,Zoox + Protein,AMBIENT,10,8,3
623,20180708,P-15-A,PE,DNA,AMBIENT,5,8,1
624,20180708,P-15-A,PE,DNA,AMBIENT,5,8,2
625,20180708,P-15-A,PE,DNA,AMBIENT,5,8,3
626,20180708,P-15-A,PE,Zoox + Protein,AMBIENT,10,9,1
627,20180708,P-15-A,PE,Zoox + Protein,AMBIENT,10,9,2
628,20180708,P-15-A,PE,Zoox + Protein,AMBIENT,10,9,3
629,20180708,P-15-A,PE,DNA,AMBIENT,5,9,1
630,20180708,P-15-A,PE,DNA,AMBIENT,5,9,2
631,20180708,P-15-A,PE,Zoox + Protein,AMBIENT,10,10,1
632,20180708,P-15-A,PE,Zoox + Protein,AMBIENT,10,11,1
633,20180708,P-15-A,PE,Zoox + Protein,AMBIENT,10,11,2
634,20180708,P-15-A,PE,Zoox + Protein,AMBIENT,10,11,3
635,20180708,P-15-A,PE,DNA,AMBIENT,5,11,1
636,20180708,P-15-A,PE,DNA,AMBIENT,5,11,2
637,20180708,P-15-A,PE,DNA,AMBIENT,5,11,3
638,20180708,P-15-A,PE,Zoox + Protein,AMBIENT,10,12,1
639,20180708,P-15-A,PE,Zoox + Protein,AMBIENT,10,12,2
640,20180708,P-15-A,PE,Zoox + Protein,AMBIENT,10,12,3
641,20180708,P-15-A,PE,DNA,AMBIENT,5,12,1
642,20180708,P-15-A,PE,DNA,AMBIENT,5,12,2
643,20180709,P-15-A,PE,Zoox + Protein,HOT,10,13,1
644,20180709,P-15-A,PE,Zoox + Protein,HOT,10,13,2
645,20180709,P-15-A,PE,Zoox + Protein,HOT,10,13,3
646,20180709,P-15-A,PE,DNA,HOT,5,13,1
647,20180709,P-15-A,PE,DNA,HOT,5,13,2
648,20180709,P-15-A,PE,DNA,HOT,5,13,3
649,20180709,P-15-A,PE,Zoox + Protein,HOT,10,14,1
650,-,,,,,,,
651,-,,,,,,,
652,20180708,P-6-A,DOR,DNA,N/A,20,N/A,3
653,20180708,P-14-B,DOR,Zoox + Protein,N/A,20,N/A,1
654,20180708,P-14-B,DOR,DNA,N/A,20,N/A,2
655,20180708,P-14-B,DOR,DNA,N/A,20,N/A,3
656,20180708,P-15-A,DOR,Zoox + Protein,N/A,20,N/A,1
657,20180708,P-15-A,DOR,DNA,N/A,20,N/A,2
658,20180708,P-15-A,DOR,DNA,N/A,20,N/A,3
659,20180708,R-9-A,DOR,Zoox + Protein,N/A,20,N/A,1
660,20180708,R-9-A,DOR,DNA,N/A,20,N/A,2
661,20180708,R-9-A,DOR,DNA,N/A,20,N/A,3
662,20180709,P-15-A,PE,Zoox + Protein,HOT,10,14,2
663,20180709,P-15-A,PE,Zoox + Protein,HOT,10,14,3
664,20180709,P-15-A,PE,DNA,HOT,5,14,1
665,20180709,P-15-A,PE,DNA,HOT,5,14,2
666,20180709,P-15-A,PE,DNA,HOT,5,14,3
667,20180709,P-15-A,PE,Zoox + Protein,HOT,10,15,1
668,20180709,P-15-A,PE,Zoox + Protein,HOT,10,15,2
669,20180709,P-15-A,PE,Zoox + Protein,HOT,10,15,3
670,20180709,P-15-A,PE,Zoox + Protein,HOT,10,16,1
671,20180709,P-15-A,PE,Zoox + Protein,HOT,10,16,2
672,20180709,P-15-A,PE,Zoox + Protein,HOT,10,16,3
673,20180709,P-15-A,PE,DNA,HOT,5,16,1
674,20180709,P-15-A,PE,DNA,HOT,5,16,2
675,20180709,P-15-A,PE,DNA,HOT,5,16,3
676,20180709,P-15-A,PE,Zoox + Protein,HOT,10,17,1
677,20180709,P-15-A,PE,Zoox + Protein,HOT,10,17,2
678,20180709,P-15-A,PE,Zoox + Protein,HOT,10,17,3
679,20180709,P-15-A,PE,DNA,HOT,5,17,1
680,20180709,P-15-A,PE,DNA,HOT,5,17,2
681,20180709,P-15-A,PE,Zoox + Protein,HOT,10,18,1
682,20180709,P-15-A,PE,Zoox + Protein,HOT,10,18,2
683,20180709,P-15-A,PE,Zoox + Protein,HOT,10,18,3
684,20180709,P-15-A,PE,DNA,HOT,5,18,1
685,20180709,P-15-A,PE,DNA,HOT,5,18,2
686,20180709,P-15-A,PE,DNA,HOT,5,18,3
687,20180709,P-15-A,PE,Zoox + Protein,AMBIENT,10,19,1
688,20180709,P-15-A,PE,Zoox + Protein,AMBIENT,10,19,2
689,20180709,P-15-A,PE,Zoox + Protein,AMBIENT,10,19,3
690,20180709,P-15-A,PE,DNA,AMBIENT,5,19,1
691,20180709,P-15-A,PE,DNA,AMBIENT,5,19,2
692,20180709,P-15-A,PE,Zoox + Protein,AMBIENT,10,20,1
693,20180709,P-15-A,PE,Zoox + Protein,AMBIENT,10,20,2
694,20180709,P-15-A,PE,Zoox + Protein,AMBIENT,10,21,1
695,20180709,P-15-A,PE,Zoox + Protein,AMBIENT,10,21,2
696,20180709,P-15-A,PE,Zoox + Protein,AMBIENT,10,22,1
697,20180709,P-15-A,PE,Zoox + Protein,AMBIENT,10,22,2
698,20180709,P-15-A,PE,Zoox + Protein,AMBIENT,10,22,3
699,20180709,P-15-A,PE,DNA,AMBIENT,5,22,1
700,20180709,P-15-A,PE,DNA,AMBIENT,5,22,2
701,20180709,P-15-A,PE,DNA,AMBIENT,5,22,3
702,20180709,P-15-A,DOR,Zoox + Protein,N/A,20,N/A,1
703,20180709,P-15-A,DOR,DNA,N/A,20,N/A,2
704,20180709,P-15-A,DOR,DNA,N/A,20,N/A,3
705,20180709,P-12-A,DOR,Zoox + Protein,N/A,20,N/A,1
706,20180709,P-12-A,DOR,DNA,N/A,20,N/A,2
707,20180709,P-12-A,DOR,DNA,N/A,20,N/A,3
708,20180709,R-7-B,DOR,Zoox + Protein,N/A,20,N/A,1
709,20180709,R-7-B,DOR,DNA,N/A,20,N/A,2
710,20180709,R-7-B,DOR,DNA,N/A,20,N/A,3
711,20180709,P-19-A,DOR,Zoox + Protein,N/A,20,N/A,1
712,20180709,P-19-A,DOR,DNA,N/A,20,N/A,2
713,20180709,P-19-A,DOR,DNA,N/A,20,N/A,3
714,20180709,P-14-B,DOR,Zoox + Protein,N/A,20,N/A,1
715,20180709,P-14-B,DOR,DNA,N/A,20,N/A,2
716,20180709,P-14-B,DOR,DNA,N/A,20,N/A,3
717,20180709,P-19-B,DOR,Zoox + Protein,N/A,20,N/A,1
718,20180709,P-19-B,DOR,DNA,N/A,20,N/A,2
719,20180709,P-19-B,DOR,DNA,N/A,20,N/A,3
720,20180709,P-10-A,DOR,Zoox + Protein,N/A,20,N/A,1
721,20180709,P-10-A,DOR,DNA,N/A,20,N/A,2
722,20180709,P-10-A,DOR,DNA,N/A,20,N/A,3
723,20180709,P-14-A,DOR,Zoox + Protein,N/A,20,N/A,1
724,20180709,P-14-A,DOR,DNA,N/A,20,N/A,2
725,20180709,P-14-A,DOR,DNA,N/A,20,N/A,3
726,20180709,P-6-A,DOR,Zoox + Protein,N/A,20,N/A,1
727,20180709,P-6-A,DOR,DNA,N/A,20,N/A,2
728,20180709,P-6-A,DOR,DNA,N/A,20,N/A,3
729,20180709,P-4-A,DOR,Zoox + Protein,N/A,20,N/A,1
730,20180709,P-4-A,DOR,DNA,N/A,20,N/A,2
731,20180709,P-4-A,DOR,DNA,N/A,20,N/A,3
732,20180709,P-16-A,DOR,Zoox + Protein,N/A,20,N/A,1
733,20180709,P-16-A,DOR,DNA,N/A,20,N/A,2
734,20180709,P-16-A,DOR,DNA,N/A,20,N/A,3
735,20180709,R-19-A,DOR,Zoox + Protein,N/A,20,N/A,1
736,20180709,R-19-A,DOR,DNA,N/A,20,N/A,2
737,20180709,R-19-A,DOR,DNA,N/A,20,N/A,3
738,20180709,P-15-A,PE,Zoox + Protein,AMBIENT,10,23,1
739,20180709,P-15-A,PE,Zoox + Protein,AMBIENT,10,23,2
740,20180709,P-15-A,PE,Zoox + Protein,AMBIENT,10,23,3
741,20180709,P-15-A,PE,DNA,AMBIENT,5,23,1
742,20180709,P-15-A,PE,DNA,AMBIENT,5,23,2
743,20180709,P-15-A,PE,Zoox + Protein,AMBIENT,10,24,1
744,20180709,P-15-A,PE,Zoox + Protein,AMBIENT,10,24,2
745,20180709,P-15-A,PE,Zoox + Protein,AMBIENT,10,24,3
746,20180709,P-15-A,PE,DNA,AMBIENT,5,24,1
747,20180709,P-15-A,PE,DNA,AMBIENT,5,24,2
748,20180709,P-15-A,PE,DNA,AMBIENT,5,24,3
749,20180709,R-11-A,PE,Zoox + Protein,AMBIENT,10,31,1
750,20180709,R-11-A,PE,DNA,AMBIENT,5,31,1
751,20180709,R-11-A,PE,Zoox + Protein,AMBIENT,10,32,1
752,20180709,R-11-A,PE,Zoox + Protein,AMBIENT,10,32,2
753,20180709,R-11-A,PE,DNA,AMBIENT,5,32,1
754,20180709,R-11-A,PE,Zoox + Protein,AMBIENT,10,33,1
755,20180709,R-11-A,PE,Zoox + Protein,AMBIENT,10,33,2
756,20180709,R-11-A,PE,DNA,AMBIENT,5,33,1
757,20180709,R-11-A,PE,Zoox + Protein,AMBIENT,10,34,1
758,20180709,R-11-A,PE,DNA,AMBIENT,5,34,1
759,20180709,R-11-A,PE,Zoox + Protein,AMBIENT,10,35,1
760,20180709,R-11-A,PE,Zoox + Protein,AMBIENT,10,35,2
761,20180709,R-11-A,PE,DNA,AMBIENT,5,35,1
762,20180709,R-11-A,PE,Zoox + Protein,AMBIENT,10,36,1
763,20180709,R-11-A,PE,Zoox + Protein,AMBIENT,10,36,2
764,20180709,R-11-A,PE,DNA,AMBIENT,5,36,1
765,20180709,R-11-A,PE,Zoox + Protein,AMBIENT,10,25,1
766,20180709,R-11-A,PE,Zoox + Protein,AMBIENT,10,25,2
767,20180709,R-11-A,PE,Zoox + Protein,AMBIENT,10,25,3
768,20180709,R-11-A,PE,DNA,AMBIENT,5,25,1
769,20180709,R-11-A,PE,DNA,AMBIENT,5,25,2
770,20180709,R-11-A,PE,DNA,AMBIENT,5,25,3
771,20180709,R-11-A,PE,Zoox + Protein,AMBIENT,10,26,1
772,20180709,R-11-A,PE,Zoox + Protein,AMBIENT,10,26,2
773,20180709,R-11-A,PE,Zoox + Protein,AMBIENT,10,26,3
774,20180709,R-11-A,PE,DNA,AMBIENT,5,26,1
775,20180709,R-11-A,PE,DNA,AMBIENT,5,26,2
776,20180709,R-11-A,PE,Zoox + Protein,AMBIENT,10,27,1
777,20180709,R-11-A,PE,Zoox + Protein,AMBIENT,10,27,2
778,20180709,R-11-A,PE,DNA,AMBIENT,5,27,1
779,20180709,R-11-A,PE,Zoox + Protein,AMBIENT,10,28,1
780,20180709,R-11-A,PE,Zoox + Protein,AMBIENT,10,28,2
781,20180709,R-11-A,PE,DNA,AMBIENT,5,28,1
782,20180709,R-11-A,PE,Zoox + Protein,AMBIENT,10,29,1
783,20180709,R-11-A,PE,Zoox + Protein,AMBIENT,10,29,2
784,20180709,R-11-A,PE,DNA,AMBIENT,5,29,1
785,20180709,R-11-A,PE,DNA,AMBIENT,5,29,2
786,20180709,R-11-A,PE,Zoox + Protein,AMBIENT,10,30,1
787,20180709,R-11-A,PE,Zoox + Protein,AMBIENT,10,30,2
788,20180709,R-11-A,PE,DNA,AMBIENT,5,30,1
789,20180709,R-11-A,PE,DNA,AMBIENT,5,30,2
790,20180710,P-15-A,PE,Zoox + Protein,HOT,10,37,1
791,20180710,P-15-A,PE,Zoox + Protein,HOT,10,37,2
792,20180710,P-15-A,PE,Zoox + Protein,HOT,10,37,3
793,20180710,P-15-A,PE,DNA,HOT,5,37,1
794,20180710,P-15-A,PE,DNA,HOT,5,37,2
795,20180710,P-15-A,PE,DNA,HOT,5,37,3
796,20180710,P-15-A,PE,Zoox + Protein,HOT,10,38,1
797,20180710,P-15-A,PE,Zoox + Protein,HOT,10,38,2
798,20180710,P-15-A,PE,DNA,HOT,5,38,1
799,20180710,P-15-A,PE,Zoox + Protein,HOT,10,39,1
800,20180710,P-15-A,PE,Zoox + Protein,HOT,10,39,2
801,20180710,P-15-A,PE,Zoox + Protein,HOT,10,39,3
802,20180710,P-15-A,PE,DNA,HOT,5,39,1
803,20180710,P-15-A,PE,DNA,HOT,5,39,2
804,20180710,P-15-A,PE,DNA,HOT,5,39,3
805,20180710,P-15-A,PE,Zoox + Protein,HOT,10,40,1
806,20180710,P-15-A,PE,DNA,HOT,5,40,1
807,20180710,P-15-A,PE,Zoox + Protein,HOT,10,41,1
808,20180710,P-15-A,PE,Zoox + Protein,HOT,10,41,2
809,20180710,P-15-A,PE,Zoox + Protein,HOT,10,41,3
810,20180710,P-15-A,PE,DNA,HOT,5,41,1
811,20180710,P-15-A,PE,Zoox + Protein,HOT,10,42,1
812,20180710,P-15-A,PE,Zoox + Protein,HOT,10,42,2
813,20180710,P-15-A,PE,Zoox + Protein,HOT,10,42,3
814,20180710,P-15-A,PE,DNA,HOT,5,42,1
815,20180710,P-15-A,PE,DNA,HOT,5,42,2
816,20180710,P-15-A,PE,DNA,HOT,5,42,3
817,20180710,P-15-A,PE,Zoox + Protein,AMBIENT,10,43,1
818,20180710,P-15-A,PE,Zoox + Protein,AMBIENT,10,43,2
819,20180710,P-15-A,PE,DNA,AMBIENT,5,43,1
820,20180710,P-15-A,PE,Zoox + Protein,AMBIENT,10,44,1
821,20180710,P-15-A,PE,Zoox + Protein,AMBIENT,10,44,2
822,20180710,P-15-A,PE,Zoox + Protein,AMBIENT,10,44,3
823,20180710,P-15-A,PE,DNA,AMBIENT,5,44,1
824,20180710,P-15-A,PE,DNA,AMBIENT,5,44,2
825,20180710,P-15-A,PE,Zoox + Protein,AMBIENT,10,45,1
826,20180710,P-15-A,PE,Zoox + Protein,AMBIENT,10,45,2
827,20180710,P-15-A,PE,DNA,AMBIENT,5,45,1
828,20180710,P-15-A,PE,Zoox + Protein,AMBIENT,10,46,1
829,20180710,P-15-A,PE,Zoox + Protein,AMBIENT,10,46,2
830,20180710,P-15-A,PE,DNA,AMBIENT,5,46,1
831,20180710,P-15-A,PE,DNA,AMBIENT,5,46,2
832,20180710,P-15-A,PE,Zoox + Protein,AMBIENT,10,47,1
833,20180710,P-15-A,PE,Zoox + Protein,AMBIENT,10,47,2
834,20180710,P-15-A,PE,DNA,AMBIENT,5,47,1
835,20180710,P-15-A,PE,Zoox + Protein,AMBIENT,10,48,1
836,20180710,P-15-A,PE,Zoox + Protein,AMBIENT,10,48,2
837,20180710,P-15-A,PE,DNA,AMBIENT,5,48,1
838,20180710,P-10-B,DOR,Zoox + Protein,N/A,20,N/A,1
839,20180710,P-10-B,DOR,DNA,N/A,20,N/A,2
840,20180710,P-10-B,DOR,DNA,N/A,20,N/A,3
841,20180710,P-19-B,DOR,Zoox + Protein,N/A,20,N/A,1
842,20180710,P-19-B,DOR,DNA,N/A,20,N/A,2
843,20180710,P-19-B,DOR,DNA,N/A,20,N/A,3
844,20180710,R-11-B,DOR,Zoox + Protein,N/A,20,N/A,1
845,20180710,R-11-B,DOR,DNA,N/A,20,N/A,2
846,20180710,R-11-B,DOR,DNA,N/A,20,N/A,3
847,20180710,P-12-A,DOR,Zoox + Protein,N/A,20,N/A,1
848,20180710,P-12-A,DOR,DNA,N/A,20,N/A,2
849,20180710,P-12-A,DOR,DNA,N/A,20,N/A,3
850,20180710,P-10-A,DOR,Zoox + Protein,N/A,20,N/A,1
851,20180710,P-10-A,DOR,DNA,N/A,20,N/A,2
852,20180710,P-10-A,DOR,DNA,N/A,20,N/A,3
853,20180711,P-12-A,PE,Zoox + Protein,HOT,10,49,1
854,20180711,P-12-A,PE,Zoox + Protein,HOT,10,49,2
855,20180711,P-12-A,PE,Zoox + Protein,HOT,10,49,3
856,20180711,P-12-A,PE,DNA,HOT,5,49,1
857,20180710,P-16-A,DOR,Zoox + Protein,N/A,20,N/A,1
858,20180710,P-16-A,DOR,DNA,N/A,20,N/A,2
859,20180710,P-16-A,DOR,DNA,N/A,20,N/A,3
860,20180710,P-14-A,DOR,Zoox + Protein,N/A,20,N/A,1
861,20180710,P-14-A,DOR,DNA,N/A,20,N/A,2
862,20180710,P-14-A,DOR,DNA,N/A,20,N/A,3
863,20180710,P-19-A,DOR,Zoox + Protein,N/A,20,N/A,1
864,20180710,P-19-A,DOR,DNA,N/A,20,N/A,2
865,20180710,P-19-A,DOR,DNA,N/A,20,N/A,3
866,20180710,P-15-B,DOR,Zoox + Protein,N/A,20,N/A,1
867,20180710,P-15-B,DOR,DNA,N/A,20,N/A,2
868,20180710,P-15-B,DOR,DNA,N/A,20,N/A,3
869,20180710,P-12-B,DOR,Zoox + Protein,N/A,20,N/A,1
870,20180710,P-12-B,DOR,DNA,N/A,20,N/A,2
871,20180710,P-12-B,DOR,DNA,N/A,20,N/A,3
872,-,,,,,,,
873,20180711,P-12-A,PE,DNA,HOT,5,49,2
874,20180711,P-12-A,PE,DNA,HOT,5,49,3
875,20180711,P-12-A,PE,Zoox + Protein,HOT,10,50,1
876,20180711,P-12-A,PE,Zoox + Protein,HOT,10,50,2
877,20180711,P-12-A,PE,DNA,HOT,5,50,1
878,20180711,P-12-A,PE,Zoox + Protein,HOT,10,51,1
879,20180711,P-12-A,PE,Zoox + Protein,HOT,10,51,2
880,20180711,P-12-A,PE,Zoox + Protein,HOT,10,51,3
881,20180711,P-12-A,PE,DNA,HOT,5,51,1
882,20180711,P-12-A,PE,DNA,HOT,5,51,2
883,20180711,P-12-A,PE,Zoox + Protein,HOT,10,52,1
884,20180711,P-12-A,PE,Zoox + Protein,HOT,10,52,2
885,20180711,P-12-A,PE,Zoox + Protein,HOT,10,52,3
886,20180711,P-12-A,PE,DNA,HOT,5,52,1
887,20180711,P-12-A,PE,DNA,HOT,5,52,2
888,20180711,P-12-A,PE,DNA,HOT,5,52,3
889,20180711,R-7-A,DOR,Zoox + Protein,N/A,20,N/A,1
890,20180711,R-7-A,DOR,DNA,N/A,20,N/A,2
891,20180711,R-7-A,DOR,DNA,N/A,20,N/A,3
892,20180711,P-10-B,DOR,Zoox + Protein,N/A,20,N/A,1
893,20180711,P-10-B,DOR,DNA,N/A,20,N/A,2
894,20180711,P-10-B,DOR,DNA,N/A,20,N/A,3
895,20180711,P-14-B,DOR,Zoox + Protein,N/A,20,N/A,1
896,20180711,P-14-B,DOR,DNA,N/A,20,N/A,2
897,20180711,P-14-B,DOR,DNA,N/A,20,N/A,3
898,20180711,R-7-B,DOR,Zoox + Protein,N/A,20,N/A,1
899,20180711,R-7-B,DOR,DNA,N/A,20,N/A,2
900,20180711,R-7-B,DOR,DNA,N/A,20,N/A,3
901,20180711,P-4-A,DOR,Zoox + Protein,N/A,20,N/A,1
902,20180711,P-4-A,DOR,DNA,N/A,20,N/A,2
903,20180711,P-4-A,DOR,DNA,N/A,20,N/A,3
904,20180711,R-19-A,DOR,Zoox + Protein,N/A,20,N/A,1
905,20180711,R-19-A,DOR,DNA,N/A,20,N/A,2
906,20180711,R-19-A,DOR,DNA,N/A,20,N/A,3
907,20180711,P-12-B,DOR,Zoox + Protein,N/A,20,N/A,1
908,20180711,P-12-B,DOR,DNA,N/A,20,N/A,2
909,20180711,P-12-B,DOR,DNA,N/A,20,N/A,3
910,20180711,P-19-A,DOR,Zoox + Protein,N/A,20,N/A,1
911,20180711,P-19-A,DOR,DNA,N/A,20,N/A,2
912,20180711,P-19-A,DOR,DNA,N/A,20,N/A,3
913,20180711,R-8-A,DOR,Zoox + Protein,N/A,20,N/A,1
914,20180711,R-8-A,DOR,DNA,N/A,20,N/A,2
915,20180711,R-8-A,DOR,DNA,N/A,20,N/A,3
916,20180711,R-14-B,DOR,Zoox + Protein,N/A,20,N/A,1
917,20180711,R-14-B,DOR,DNA,N/A,20,N/A,2
918,20180711,R-14-B,DOR,DNA,N/A,20,N/A,3
919,20180711,R-15-A,DOR,Zoox + Protein,N/A,20,N/A,1
920,20180711,R-15-A,DOR,DNA,N/A,20,N/A,2
921,20180711,R-15-A,DOR,DNA,N/A,20,N/A,3
922,20180711,P-9-A,DOR,Zoox + Protein,N/A,20,N/A,1
923,20180711,P-9-A,DOR,DNA,N/A,20,N/A,2
924,20180711,P-9-A,DOR,DNA,N/A,20,N/A,3
925,20180711,P-16-A,DOR,Zoox + Protein,N/A,20,N/A,1
926,20180711,P-16-A,DOR,DNA,N/A,20,N/A,2
927,20180711,P-16-A,DOR,DNA,N/A,20,N/A,3
928,20180711,P-15-B,DOR,Zoox + Protein,N/A,20,N/A,1
929,20180711,P-15-B,DOR,DNA,N/A,20,N/A,2
930,20180711,P-15-B,DOR,DNA,N/A,20,N/A,3
931,20180711,P-10-A,DOR,Zoox + Protein,N/A,20,N/A,1
932,20180711,P-10-A,DOR,DNA,N/A,20,N/A,2
933,20180711,P-10-A,DOR,DNA,N/A,20,N/A,3
934,20180711,P-19-B,DOR,Zoox + Protein,N/A,20,N/A,1
935,20180711,P-19-B,DOR,DNA,N/A,20,N/A,2
936,20180711,P-19-B,DOR,DNA,N/A,20,N/A,3
937,20180711,P-12-A,DOR,Zoox + Protein,N/A,20,N/A,1
938,20180711,P-12-A,DOR,DNA,N/A,20,N/A,2
939,20180711,P-12-A,DOR,DNA,N/A,20,N/A,3
940,20180711,P-14-A,PE,Zoox + Protein,HOT,10,61,1
941,20180711,P-14-A,PE,Zoox + Protein,HOT,10,62,1
942,20180711,P-14-A,PE,Zoox + Protein,HOT,10,63,1
943,20180711,P-14-A,PE,Zoox + Protein,HOT,10,64,1
944,20180711,P-14-A,PE,Zoox + Protein,HOT,10,65,1
945,20180711,P-14-A,PE,Zoox + Protein,HOT,10,66,1
946,20180711,P-14-A,PE,Zoox + Protein,HOT,10,67,1
947,20180711,P-14-A,PE,Zoox + Protein,HOT,8,68,1
948,20180711,P-14-A,PE,Zoox + Protein,AMBIENT,10,69,1
949,20180711,P-14-A,PE,Zoox + Protein,AMBIENT,10,70,1
950,20180711,P-14-A,PE,Zoox + Protein,AMBIENT,8,71,1
951,20180711,P-14-A,PE,Zoox + Protein,AMBIENT,10,72,1
952,20180711,P-14-B,PE,Zoox + Protein,HOT,10,73,1
953,20180711,P-14-B,PE,Zoox + Protein,HOT,10,75,1
954,20180711,P-14-B,PE,Zoox + Protein,HOT,10,76,1
955,20180711,P-14-B,PE,Zoox + Protein,HOT,10,77,1
956,20180711,P-14-B,PE,Zoox + Protein,HOT,10,78,1
957,20180711,P-14-B,PE,Zoox + Protein,HOT,10,79,1
958,20180711,P-14-B,PE,Zoox + Protein,AMBIENT,10,80,1
959,20180711,P-14-B,PE,Zoox + Protein,AMBIENT,10,81,1
960,20180711,P-14-B,PE,Zoox + Protein,AMBIENT,10,82,1
961,20180711,P-12-A,PE,Zoox + Protein,HOT,10,53,1
962,20180711,P-12-A,PE,Zoox + Protein,HOT,10,53,2
963,20180711,P-12-A,PE,Zoox + Protein,HOT,10,53,3
964,20180711,P-12-A,PE,DNA,HOT,5,53,1
965,20180711,P-12-A,PE,DNA,HOT,5,53,2
966,20180711,P-12-A,PE,DNA,HOT,4,53,3
967,20180711,P-12-A,PE,Zoox + Protein,HOT,10,54,1
968,20180711,P-12-A,PE,Zoox + Protein,HOT,10,55,1
969,20180711,P-12-A,PE,Zoox + Protein,HOT,10,55,2
970,20180711,P-12-A,PE,Zoox + Protein,HOT,10,55,3
971,20180711,P-12-A,PE,DNA,HOT,5,55,1
972,20180711,P-12-A,PE,DNA,HOT,5,55,2
973,20180711,P-12-A,PE,DNA,HOT,5,55,3
974,20180711,P-12-A,PE,Zoox + Protein,AMBIENT,10,56,1
975,20180711,P-12-A,PE,Zoox + Protein,AMBIENT,10,56,2
976,20180711,P-12-A,PE,Zoox + Protein,AMBIENT,10,56,3
977,20180711,P-12-A,PE,DNA,AMBIENT,5,56,1
978,20180711,P-12-A,PE,DNA,AMBIENT,5,56,2
979,20180711,P-12-A,PE,Zoox + Protein,AMBIENT,10,57,1
980,20180711,P-12-A,PE,Zoox + Protein,AMBIENT,10,57,2
981,20180711,P-12-A,PE,Zoox + Protein,AMBIENT,10,57,3
982,20180711,P-12-A,PE,DNA,AMBIENT,5,57,1
983,20180711,P-12-A,PE,DNA,AMBIENT,5,57,2
984,20180711,P-12-A,PE,DNA,AMBIENT,5,57,3
985,20180711,P-12-A,PE,Zoox + Protein,AMBIENT,10,58,1
986,20180711,P-12-A,PE,Zoox + Protein,AMBIENT,10,58,2
987,20180711,P-12-A,PE,Zoox + Protein,AMBIENT,10,58,3
988,20180711,P-12-A,PE,DNA,AMBIENT,5,58,1
989,20180711,P-12-A,PE,DNA,AMBIENT,5,58,2
990,20180711,P-12-A,PE,DNA,AMBIENT,5,58,3
991,20180711,P-12-A,PE,Zoox + Protein,AMBIENT,10,59,1
992,20180711,P-12-A,PE,Zoox + Protein,AMBIENT,10,59,2
993,20180711,P-12-A,PE,Zoox + Protein,AMBIENT,10,59,3
994,20180711,P-12-A,PE,DNA,AMBIENT,5,59,1
995,20180711,P-12-A,PE,DNA,AMBIENT,5,59,2
996,20180711,P-12-A,PE,Zoox + Protein,AMBIENT,10,60,1
997,20180711,P-12-A,PE,Zoox + Protein,AMBIENT,10,60,2
998,20180711,P-12-A,PE,Zoox + Protein,AMBIENT,10,60,3
999,20180711,P-12-A,PE,DNA,AMBIENT,5,60,1
1000,20180711,P-12-A,PE,DNA,AMBIENT,5,60,2
1001,20180711,P-14-B,PE,Zoox + Protein,AMBIENT,10,83,1
1002,20180711,P-14-B,PE,Zoox + Protein,AMBIENT,10,84,1
1003,20180711,P-6-A,PE,Zoox + Protein,HOT,10,86,1
1004,20180711,P-6-A,PE,Zoox + Protein,HOT,10,87,1
1005,20180711,P-6-A,PE,Zoox + Protein,HOT,10,89,1
1006,20180711,P-6-A,PE,Zoox + Protein,HOT,10,90,1
1007,20180711,P-6-A,PE,Zoox + Protein,HOT,10,91,1
1008,20180711,P-6-A,PE,Zoox + Protein,HOT,8,92,1
1009,20180711,P-6-A,PE,Zoox + Protein,AMBIENT,10,93,1
1010,20180711,P-6-A,PE,Zoox + Protein,AMBIENT,10,94,1
1011,20180711,P-6-A,PE,Zoox + Protein,AMBIENT,10,95,1
1012,20180711,P-6-A,PE,Zoox + Protein,AMBIENT,10,96,1
1013,20180711,P-6-A,PE,Zoox + Protein,AMBIENT,9,97,1
1014,20180711,P-16-A,PE,Zoox + Protein,HOT,10,98,1
1015,20180711,P-16-A,PE,Zoox + Protein,HOT,10,99,1
1016,20180711,P-16-A,PE,Zoox + Protein,HOT,9,100,1
1017,20180711,P-16-A,PE,Zoox + Protein,HOT,9,101,1
1018,20180711,P-16-A,PE,Zoox + Protein,HOT,10,103,1
1019,20180711,P-16-A,PE,Zoox + Protein,AMBIENT,10,104,1
1020,20180711,P-16-A,PE,Zoox + Protein,AMBIENT,9,106,1
1021,20180711,P-16-A,PE,Zoox + Protein,AMBIENT,10,107,1
1022,20180711,P-16-A,PE,Zoox + Protein,AMBIENT,8,108,1
1023,20180711,P-16-A,PE,Zoox + Protein,AMBIENT,8,109,1
1024,20180712,P-16-A,DOR,Zoox + Protein,N/A,20,N/A,1
1025,20180712,P-16-A,DOR,DNA,N/A,20,N/A,2
1026,20180712,P-16-A,DOR,DNA,N/A,20,N/A,3
1027,20180712,P-4-A,DOR,Zoox + Protein,N/A,20,N/A,1
1028,20180712,P-4-A,DOR,DNA,N/A,20,N/A,2
1029,20180712,P-4-A,DOR,DNA,N/A,20,N/A,3
1030,20180712,R-14-B,DOR,Zoox + Protein,N/A,20,N/A,1
1031,20180712,R-14-B,DOR,DNA,N/A,20,N/A,2
1032,20180712,R-14-B,DOR,DNA,N/A,20,N/A,3
1033,20180712,P-10-A,DOR,Zoox + Protein,N/A,20,N/A,1
1034,20180712,P-10-A,DOR,DNA,N/A,20,N/A,2
1035,20180712,P-10-A,DOR,DNA,N/A,20,N/A,3
1036,20180712,R-8-A,DOR,Zoox + Protein,N/A,20,N/A,1
1037,20180712,R-8-A,DOR,DNA,N/A,20,N/A,2
1038,20180712,R-8-A,DOR,DNA,N/A,20,N/A,3
1039,20180712,R-9-B,DOR,Zoox + Protein,N/A,20,N/A,1
1040,20180712,R-9-B,DOR,DNA,N/A,20,N/A,2
1041,20180712,R-9-B,DOR,DNA,N/A,20,N/A,3
1042,20180712,P-15-B,DOR,Zoox + Protein,N/A,20,N/A,1
1043,20180712,P-15-B,DOR,DNA,N/A,20,N/A,2
1044,20180712,P-15-B,DOR,DNA,N/A,20,N/A,3
1045,20180712,P-19-A,DOR,Zoox + Protein,N/A,20,N/A,1
1046,20180712,P-19-A,DOR,DNA,N/A,20,N/A,2
1047,20180712,P-19-A,DOR,DNA,N/A,20,N/A,3
1048,20180712,P-14-B,DOR,Zoox + Protein,N/A,20,N/A,1
1049,20180712,P-14-B,DOR,DNA,N/A,20,N/A,2
1050,20180712,P-14-B,DOR,DNA,N/A,20,N/A,3
1051,20180712,P-12-A,DOR,Zoox + Protein,N/A,20,N/A,1
1052,20180712,P-12-A,DOR,DNA,N/A,20,N/A,2
1053,20180712,P-12-A,DOR,DNA,N/A,20,N/A,3
1054,20180712,R-7-A,DOR,Zoox + Protein,N/A,20,N/A,1
1055,20180712,R-7-A,DOR,DNA,N/A,20,N/A,2
1056,20180712,R-7-A,DOR,DNA,N/A,20,N/A,3
1057,20180712,R-15-A,DOR,Zoox + Protein,N/A,20,N/A,1
1058,20180712,R-15-A,DOR,DNA,N/A,20,N/A,2
1059,20180712,R-15-A,DOR,DNA,N/A,20,N/A,3
1060,20180712,P-19-A,PE,Zoox + Protein,HOT,10,110,1
1061,20180712,P-19-A,PE,Zoox + Protein,HOT,10,112,1
1062,20180712,P-19-A,PE,Zoox + Protein,HOT,10,113,1
1063,20180712,P-19-A,PE,Zoox + Protein,HOT,10,114,1
1064,20180712,P-19-A,PE,Zoox + Protein,HOT,10,115,1
1065,20180712,P-19-A,PE,Zoox + Protein,AMBIENT,10,116,1
1066,20180712,P-19-A,PE,Zoox + Protein,AMBIENT,10,117,1
1067,20180712,P-19-A,PE,Zoox + Protein,AMBIENT,7,119,1
1068,20180712,P-19-A,PE,Zoox + Protein,AMBIENT,10,120,1
1069,20180712,P-19-A,PE,Zoox + Protein,AMBIENT,9,121,1
1070,20180713,P-19-A,DOR,Zoox + Protein,N/A,20,N/A,1
1071,20180713,P-19-A,DOR,DNA,N/A,20,N/A,2
1072,20180713,P-19-A,DOR,DNA,N/A,20,N/A,3
1073,20180713,P-6-B,DOR,Zoox + Protein,N/A,20,N/A,1
1074,20180713,P-6-B,DOR,DNA,N/A,20,N/A,2
1075,20180713,P-6-B,DOR,DNA,N/A,20,N/A,3
1076,20180713,R-7-B,DOR,Zoox + Protein,N/A,20,N/A,1
1077,20180713,R-7-B,DOR,DNA,N/A,20,N/A,2
1078,20180713,R-7-B,DOR,DNA,N/A,20,N/A,3
1079,20180713,R-14-B,DOR,Zoox + Protein,N/A,20,N/A,1
1080,20180713,R-14-B,DOR,DNA,N/A,20,N/A,2
1081,20180713,R-14-B,DOR,DNA,N/A,20,N/A,3
1082,20180713,R-19-B,DOR,Zoox + Protein,N/A,20,N/A,1
1083,20180713,R-19-B,DOR,DNA,N/A,20,N/A,2
1084,20180713,R-19-B,DOR,DNA,N/A,20,N/A,3
1085,20180713,R-15-A,DOR,Zoox + Protein,N/A,20,N/A,1
1086,20180713,R-15-A,DOR,DNA,N/A,20,N/A,2
1087,20180713,R-15-A,DOR,DNA,N/A,20,N/A,3
1088,20180713,P-19-A,DOR,Zoox + Protein,N/A,20,N/A,1
1089,20180713,P-19-A,DOR,DNA,N/A,20,N/A,2
1090,20180713,P-19-A,DOR,DNA,N/A,20,N/A,3
1091,20180713,R-19-A,DOR,Zoox + Protein,N/A,20,N/A,1
1092,20180713,R-19-A,DOR,DNA,N/A,20,N/A,2
1093,20180713,R-19-A,DOR,DNA,N/A,20,N/A,3
1094,20180713,R-7-B,DOR,Zoox + Protein,N/A,20,N/A,1
1095,20180713,R-7-B,DOR,DNA,N/A,20,N/A,2
1096,20180713,R-7-B,DOR,DNA,N/A,20,N/A,3
1097,20180713,P-10-A,PE,Zoox + Protein,HOT,10,122,1
1098,20180713,P-10-A,PE,DNA,HOT,5,122,1
1099,20180713,P-10-A,PE,Zoox + Protein,HOT,10,123,1
1100,20180713,P-10-A,PE,DNA,HOT,5,123,1
1101,20180713,P-10-A,PE,Zoox + Protein,HOT,10,124,1
1102,20180713,P-10-A,PE,DNA,HOT,5,124,1
1103,20180713,P-10-A,PE,Zoox + Protein,AMBIENT,10,126,1
1104,20180713,P-10-A,PE,DNA,AMBIENT,5,126,1
1105,20180713,P-10-A,PE,Zoox + Protein,AMBIENT,10,127,1
1106,20180713,P-10-A,PE,DNA,AMBIENT,5,127,1
1107,20180713,P-10-A,PE,Zoox + Protein,HOT,10,128,1
1108,20180713,P-10-A,PE,DNA,HOT,5,128,1
1109,20180713,P-10-A,PE,Zoox + Protein,HOT,5,129,1
1110,20180713,P-10-A,PE,Zoox + Protein,AMBIENT,10,130,1
1111,20180713,P-10-A,PE,DNA,AMBIENT,5,130,1
1112,20180713,P-10-A,PE,Zoox + Protein,AMBIENT,10,131,1
1113,20180713,P-10-A,PE,DNA,AMBIENT,5,131,1
1114,20180713,P-10-A,PE,Zoox + Protein,AMBIENT,10,132,1
1115,20180713,P-10-A,PE,DNA,AMBIENT,5,132,1
1116,20180713,P-10-A,PE,Zoox + Protein,AMBIENT,7,133,1
1117,20180713,R-7-B,PE,Zoox + Protein,AMBIENT,10,134,1
1118,20180713,R-7-B,PE,DNA,AMBIENT,2,134,1
1119,20180713,R-7-B,PE,Zoox + Protein,AMBIENT,10,135,1
1120,20180713,R-7-B,PE,DNA,AMBIENT,5,135,1
1121,20180713,R-7-B,PE,Zoox + Protein,AMBIENT,10,136,1
1122,20180713,R-7-B,PE,DNA,AMBIENT,5,136,1
1123,20180713,R-7-B,PE,Zoox + Protein,HOT,10,137,1
1124,20180713,R-7-B,PE,DNA,HOT,5,137,1
1125,20180713,R-7-B,PE,Zoox + Protein,AMBIENT,9,138,1
1126,20180713,R-7-B,PE,Zoox + Protein,AMBIENT,10,139,1
1127,20180713,R-7-B,PE,DNA,AMBIENT,5,139,1
1128,20180713,R-7-B,PE,Zoox + Protein,HOT,10,140,1
1129,20180713,R-7-B,PE,Zoox + Protein,AMBIENT,10,141,1
1130,20180713,R-7-B,PE,DNA,AMBIENT,5,141,1
1131,20180713,R-7-B,PE,Zoox + Protein,AMBIENT,10,142,1
1132,20180713,R-7-B,PE,DNA,HOT,5,142,1
1133,20180713,R-7-B,PE,Zoox + Protein,HOT,10,143,1
1134,20180713,R-7-B,PE,DNA,HOT,5,143,1
1135,20180713,R-7-B,PE,Zoox + Protein,HOT,10,144,1
1136,20180713,R-7-B,PE,DNA,HOT,5,144,1
1137,20180713,R-7-B,PE,Zoox + Protein,HOT,10,145,1
1138,20180713,R-7-B,PE,DNA,HOT,5,145,1
1139,20180713,R-19-A,PE,Zoox + Protein,HOT,9,146,1
1140,20180713,R-19-A,PE,Zoox + Protein,HOT,9,147,1
1141,20180713,R-19-A,PE,Zoox + Protein,HOT,10,148,1
1142,20180713,R-19-A,PE,Zoox + Protein,AMBIENT,8,152,1
1143,20180713,R-19-A,PE,Zoox + Protein,HOT,10,149,1
1144,20180713,R-19-A,PE,Zoox + Protein,AMBIENT,7,154,1
1145,20180713,R-19-A,PE,Zoox + Protein,AMBIENT,8,155,1
1146,20180713,R-19-A,PE,Zoox + Protein,HOT,10,150,1
1147,20180713,R-19-A,PE,DNA,HOT,4,150,1
1148,20180713,R-19-A,PE,Zoox + Protein,HOT,7,151,1
1149,20180713,P-15-B,PE,Zoox + Protein,HOT,10,158,1
1150,20180713,R-19-A,PE,Zoox + Protein,AMBIENT,10,153,1
1151,20180713,R-19-A,PE,DNA,AMBIENT,2,153,1
1152,20180713,P-15-B,PE,DNA,HOT,2,158,1
1153,20180713,P-15-B,PE,Zoox + Protein,HOT,10,159,1
1154,20180713,P-15-B,PE,DNA,HOT,3,159,1
1155,20180713,R-19-A,PE,DNA,HOT,4,149,1
1156,20180713,P-15-B,PE,Zoox + Protein,HOT,10,160,1
1157,20180713,P-15-B,PE,DNA,HOT,4,160,1
1158,20180713,R-19-A,PE,Zoox + Protein,AMBIENT,10,156,1
1159,20180713,P-15-B,PE,Zoox + Protein,AMBIENT,10,162,1
1160,20180713,P-15-B,PE,DNA,AMBIENT,3,162,1
1161,20180713,P-15-B,PE,Zoox + Protein,AMBIENT,10,163,1
1162,20180713,P-15-B,PE,DNA,AMBIENT,3,163,1
1163,20180713,R-19-A,PE,Zoox + Protein,AMBIENT,10,157,1
1164,20180713,P-15-B,PE,Zoox + Protein,HOT,10,161,1
1165,20180713,P-15-B,PE,DNA,HOT,4,161,1
1166,20180713,R-19-A,PE,Zoox + Protein,AMBIENT,2,157,1
1167,20180713,P-15-B,PE,Zoox + Protein,AMBIENT,19,166,1
1168,20180713,P-15-B,PE,DNA,AMBIENT,4,166,1
1169,20180713,P-15-B,PE,Zoox + Protein,AMBIENT,10,167,1
1170,20180713,P-15-B,PE,DNA,AMBIENT,4,167,1
1171,20180713,P-15-B,PE,Zoox + Protein,AMBIENT,10,168,1
1172,20180713,P-15-B,PE,DNA,AMBIENT,3,168,1
1173,20180713,P-15-B,PE,Zoox + Protein,HOT,10,164,1
1174,20180713,P-15-B,PE,DNA,HOT,5,164,1
1175,20180713,P-12-A,PE,Zoox + Protein,AMBIENT,10,170,1
1176,20180713,P-12-A,PE,Zoox + Protein,AMBIENT,10,171,1
1177,20180713,P-12-A,PE,DNA,AMBIENT,3,171,1
1178,20180713,P-15-B,PE,Zoox + Protein,AMBIENT,10,169,1
1179,20180713,P-15-B,PE,DNA,AMBIENT,3,169,1
1180,20180713,P-15-B,PE,Zoox + Protein,HOT,10,165,1
1181,20180713,P-15-B,PE,DNA,HOT,2,165,1
1182,20180713,P-15-B,PE,Zoox + Protein,HOT,10,172,1
1183,20180713,P-15-B,PE,DNA,HOT,5,173,1
1184,20180713,P-15-B,PE,Zoox + Protein,AMBIENT,10,173,1
1185,20180713,P-12-A,PE,Zoox + Protein,HOT,10,180,1
1186,20180713,P-12-A,PE,Zoox + Protein,AMBIENT,10,174,1
1187,20180713,P-12-A,PE,DNA,AMBIENT,5,174,1
1188,20180713,P-12-A,PE,Zoox + Protein,HOT,10,175,1
1189,20180713,P-12-A,PE,DNA,HOT,5,175,1
1190,20180713,P-12-A,PE,Zoox + Protein,HOT,10,178,1
1191,20180713,P-12-A,PE,DNA,HOT,5,178,1
1192,20180713,P-12-A,PE,Zoox + Protein,AMBIENT,10,179,1
1193,20180713,P-12-A,PE,DNA,AMBIENT,5,179,1
1194,20180713,P-12-A,PE,Zoox + Protein,AMBIENT,10,176,1
1195,20180713,P-12-A,PE,DNA,AMBIENT,5,176,1
1196,20180713,P-12-A,PE,DNA,HOT,5,180,1
1197,20180713,P-12-A,PE,Zoox + Protein,HOT,10,181,1
1198,20180713,P-12-A,PE,Zoox + Protein,HOT,2,181,1
1199,20180713,P-19-B,PE,Zoox + Protein,HOT,10,183,1
1200,20180713,P-19-B,PE,DNA,HOT,5,183,1
1201,20180713,P-12-A,PE,Zoox + Protein,HOT,10,177,1
1202,20180713,P-12-A,PE,DNA,HOT,5,177,1
1203,20180713,P-19-B,PE,DNA,HOT,4,184,1
1204,20180713,P-19-B,PE,DNA,HOT,2,185,1
1205,20180713,P-19-B,PE,Zoox + Protein,HOT,10,188,1
1206,20180713,P-19-B,PE,Zoox + Protein,HOT,10,187,1
1207,20180713,P-19-B,PE,DNA,HOT,5,187,1
1208,20180713,P-19-B,PE,Zoox + Protein,AMBIENT,10,189,1
1209,20180713,P-19-B,PE,Zoox + Protein,AMBIENT,10,190,1
1210,20180713,P-19-B,PE,Zoox + Protein,AMBIENT,10,191,1
1211,20180713,P-19-B,PE,DNA,AMBIENT,5,191,1
1212,20180713,P-19-B,PE,Zoox + Protein,AMBIENT,10,186,1
1213,20180713,P-19-B,PE,DNA,AMBIENT,5,186,1
1214,20180713,P-19-B,PE,Zoox + Protein,AMBIENT,10,192,1
1215,20180713,P-19-B,PE,DNA,AMBIENT,5,192,1
1216,-,,,,,,,
1217,20180713,R-8-A,PE,DNA,AMBIENT,5,194,1
1218,20180713,R-8-A,PE,Zoox + Protein,AMBIENT,10,195,1
1219,20180713,R-8-A,PE,DNA,AMBIENT,5,195,1
1220,20180713,P-19-B,PE,Zoox + Protein,AMBIENT,10,193,1
1221,20180713,P-19-B,PE,DNA,AMBIENT,5,193,1
1222,20180713,R-8-A,PE,Zoox + Protein,HOT,10,205,1
1223,20180713,R-8-A,PE,DNA,HOT,5,205,1
1224,20180713,R-8-A,PE,Zoox + Protein,AMBIENT,10,196,1
1225,20180713,R-8-A,PE,DNA,AMBIENT,5,196,1
1226,20180713,R-8-A,PE,Zoox + Protein,HOT,10,198,1
1227,20180713,R-8-A,PE,DNA,HOT,3,198,1
1228,20180713,R-8-A,PE,Zoox + Protein,AMBIENT,10,199,1
1229,20180713,R-8-A,PE,DNA,AMBIENT,5,199,1
1230,20180713,R-8-A,PE,DNA,AMBIENT,2,200,1
1231,20180713,R-8-A,PE,Zoox + Protein,HOT,10,201,1
1232,20180713,R-8-A,PE,DNA,HOT,2,201,1
1233,20180713,R-8-A,PE,Zoox + Protein,HOT,10,204,1
1234,20180713,R-8-A,PE,DNA,HOT,4,204,1
1235,20180714,R-14-B,PE,Zoox + Protein,HOT,10,206,1
1236,20180713,R-8-A,PE,DNA,HOT,5,203,1
1237,20180714,R-14-B,PE,DNA,HOT,5,206,1
1238,20180714,R-14-B,PE,Zoox + Protein,HOT,10,207,1
1239,20180714,R-14-B,PE,Zoox + Protein,HOT,10,208,1
1240,20180714,R-14-B,PE,DNA,HOT,4,209,1
1241,20180714,R-14-B,PE,Zoox + Protein,HOT,7,210,1
1242,20180714,R-14-B,PE,Zoox + Protein,HOT,10,211,1
1243,20180714,R-14-B,PE,DNA,HOT,2,211,1
1244,20180714,R-14-B,PE,Zoox + Protein,AMBIENT,10,212,1
1245,20180714,R-14-B,PE,Zoox + Protein,AMBIENT,10,214,1
1246,20180714,R-14-B,PE,DNA,AMBIENT,5,214,1
1247,20180714,R-14-B,PE,Zoox + Protein,AMBIENT,9,215,1
1248,20180714,R-14-B,PE,DNA,AMBIENT,5,216,1
1249,20180714,R-14-B,PE,Zoox + Protein,AMBIENT,10,217,1
1250,20180714,P-12-A,DOR,Zoox + Protein,N/A,20,N/A,1
1251,20180714,P-12-A,DOR,DNA,N/A,20,N/A,2
1252,20180714,R-8-A,DOR,Zoox + Protein,N/A,20,N/A,1
1253,20180714,R-8-A,DOR,DNA,N/A,20,N/A,2
1254,20180714,R-8-A,DOR,DNA,N/A,20,N/A,3
1255,20180714,P-19-A,DOR,Zoox + Protein,N/A,20,N/A,1
1256,20180714,P-19-A,DOR,DNA,N/A,20,N/A,2
1257,20180714,P-19-A,DOR,DNA,N/A,20,N/A,3
1258,20180714,P-6-B,DOR,Zoox + Protein,N/A,20,N/A,1
1259,20180714,P-6-B,DOR,DNA,N/A,20,N/A,2
1260,20180714,P-6-B,DOR,DNA,N/A,20,N/A,3
1261,20180714,R-7-A,DOR,Zoox + Protein,N/A,20,N/A,1
1262,20180714,R-7-A,DOR,DNA,N/A,20,N/A,2
1263,20180714,R-7-A,DOR,DNA,N/A,20,N/A,3
1264,20180714,P-15-B,DOR,Zoox + Protein,N/A,20,N/A,1
1265,20180714,P-15-B,DOR,DNA,N/A,20,N/A,2
1266,20180714,P-15-B,DOR,DNA,N/A,20,N/A,3
1267,20180714,R-7-A,DOR,Zoox + Protein,N/A,20,N/A,1
1268,20180714,R-7-A,DOR,DNA,N/A,20,N/A,2
1269,20180714,R-7-A,DOR,DNA,N/A,20,N/A,3
1270,20180715,P-12-A,DOR,DNA,N/A,20,N/A,3
1271,20180715,R-7-B,DOR,Zoox + Protein,N/A,20,N/A,1
1272,20180715,R-7-B,DOR,DNA,N/A,20,N/A,2
1273,20180715,R-7-B,DOR,DNA,N/A,20,N/A,3
1274,20180715,P-6-B,DOR,Zoox + Protein,N/A,20,N/A,1
1275,20180715,P-6-B,DOR,DNA,N/A,20,N/A,2
1276,20180715,P-6-B,DOR,DNA,N/A,20,N/A,3
1277,20180716,P-19-A,DOR,Zoox + Protein,N/A,20,N/A,1
1278,20180716,P-19-A,DOR,DNA,N/A,20,N/A,2
1279,20180716,P-19-A,DOR,DNA,N/A,20,N/A,3